team_abbreviation,season_year,n_players,n_malos,vara_value
ATL,1996,17,2,-0.49831251159258894
ATL,1997,16,2,-0.8639998714657164
ATL,1998,14,2,-0.45541499859240886
ATL,1999,13,2,-0.43546038930358133
ATL,2000,16,2,-0.699869068566992
ATL,2001,18,2,-0.4644882761421533
ATL,2002,20,2,-0.5653948713436808
ATL,2003,16,2,-0.5653275863956831
ATL,2004,17,2,-0.444553939442499
ATL,2005,13,2,-0.5454059043093495
ATL,2006,18,2,-0.5367285739049777
ATL,2007,12,2,-0.6183865303309991
ATL,2008,15,2,-0.5708054607131201
ATL,2009,14,2,-0.5691631609672779
ATL,2010,14,2,-0.3868163944482651
ATL,2011,15,2,-0.6247692266761161
ATL,2012,16,2,-0.4757847179224941
ATL,2013,16,2,-0.4069585500508123
ATL,2014,15,2,-0.2891918961351504
ATL,2015,15,2,-0.4304883881064692
ATL,2016,18,2,-0.5223008563222191
ATL,2017,19,2,-0.5951220233372997
ATL,2018,18,2,-0.44709956695213815
ATL,2019,18,2,-0.5838399858921527
BKN,2012,17,2,-0.9248474458773135
BKN,2013,17,2,-0.5486977370805836
BKN,2014,16,2,-0.499464511631666
BKN,2015,17,2,-0.5162481685300019
BKN,2016,18,2,-0.5035480484677871
BKN,2017,18,2,-0.437057484361969
BKN,2018,17,2,-0.39871489148892
BKN,2019,22,3,-0.5494928274105042
BOS,1996,17,2,-0.442903620551138
BOS,1997,14,2,-0.3214562996458323
BOS,1998,15,2,-0.5301543097327194
BOS,1999,14,2,-0.5702238441462012
BOS,2000,15,2,-0.4123603125700804
BOS,2001,14,2,-0.806820476343401
BOS,2002,15,2,-0.7639170794107624
BOS,2003,14,2,-0.800877088698873
BOS,2004,12,2,-0.19838914218099477
BOS,2005,14,2,-0.3682877157305254
BOS,2006,16,2,-0.5542033315072928
BOS,2007,15,2,-0.41193092917943347
BOS,2008,15,2,-0.4623190451781784
BOS,2009,15,2,-0.5250552699834992
BOS,2010,16,2,-0.593810485353577
BOS,2011,17,2,-0.5061314511154208
BOS,2012,17,2,-0.5901936527389666
BOS,2013,16,2,-0.6761291252562585
BOS,2014,14,2,-0.4614261049928352
BOS,2015,15,2,-0.6239775005439184
BOS,2016,15,2,-0.3790623257181994
BOS,2017,19,2,-0.6811322451531386
BOS,2018,16,2,-0.2911719468503857
BOS,2019,17,2,-0.6116070783465882
CHA,2004,17,2,-0.4263645222084501
CHA,2005,15,2,-0.3179985724282789
CHA,2006,16,2,-0.36105316752987904
CHA,2007,13,2,-0.40884774652618944
CHA,2008,17,2,-0.4475407584052651
CHA,2009,15,2,-0.4621209818925037
CHA,2010,16,2,-0.6500854808768226
CHA,2011,15,2,-0.7208912015052079
CHA,2012,18,2,-0.5951179113073143
CHA,2013,15,2,-0.4342285483897476
CHA,2014,16,2,-0.5247898607587494
CHA,2015,16,2,-0.552906989613366
CHA,2016,17,2,-0.7918144296236855
CHA,2017,17,2,-0.39318599132742355
CHA,2018,17,2,-0.35990272775910476
CHA,2019,14,2,-0.3769947934152816
CHH,1996,13,2,-0.378591130493934
CHH,1997,15,2,-0.45241852276307226
CHH,1998,15,2,-0.2505420075806041
CHH,1999,17,2,-0.8978377037781721
CHH,2000,15,2,-0.5951414692502457
CHH,2001,14,2,-0.3925442523595863
CHI,1996,15,2,-0.29717571532058756
CHI,1997,15,2,-0.40980703251651457
CHI,1998,15,2,-0.47706301986620286
CHI,1999,17,2,-0.3807567473815557
CHI,2000,16,2,-0.5858145752573465
CHI,2001,13,2,-0.34679607506366034
CHI,2002,15,2,-0.5329744885799829
CHI,2003,16,2,-0.34032447103445307
CHI,2004,15,2,-0.6156278657192793
CHI,2005,17,2,-0.4759440588735682
CHI,2006,14,2,-0.2003395866798871
CHI,2007,16,2,-0.7817342683813553
CHI,2008,13,2,-0.6351532945829467
CHI,2009,15,2,-0.8438939784281239
CHI,2010,14,2,-0.7026933783108873
CHI,2011,14,2,-0.18592821125540848
CHI,2012,14,2,-0.5227186436883371
CHI,2013,16,2,-1.0240507265889676
CHI,2014,14,2,-0.6246601764596706
CHI,2015,15,2,-0.43782524814284646
CHI,2016,16,2,-0.6825200983585877
CHI,2017,19,2,-0.6100618608755529
CHI,2018,18,2,-0.607609537258174
CHI,2019,17,2,-0.3754223975008581
CLE,1996,13,2,-0.4724853663571627
CLE,1997,16,2,-0.5771245008728119
CLE,1998,16,2,-0.40555644805716495
CLE,1999,18,2,-0.655937811525949
CLE,2000,18,2,-0.5864526989719476
CLE,2001,15,2,-0.5481592686494304
CLE,2002,12,2,-0.6380856027093373
CLE,2003,15,2,-0.5540813726983146
CLE,2004,16,2,-0.5666602462639261
CLE,2005,15,2,-0.49939364094981653
CLE,2006,15,2,-0.5302906448211147
CLE,2007,16,2,-1.0164889389699763
CLE,2008,16,2,-0.5826625394276208
CLE,2009,15,2,-0.4479912901314459
CLE,2010,16,2,-0.44411521325079584
CLE,2011,16,2,-0.6642352473775524
CLE,2012,16,2,-0.5958681395233072
CLE,2013,18,2,-0.9761330713287049
CLE,2014,17,2,-0.6939449257250837
CLE,2015,17,2,-0.6389707753355848
CLE,2016,19,2,-0.42034656452320024
CLE,2017,16,2,-0.42187676349915326
CLE,2018,21,2,-0.962661544858089
CLE,2019,18,2,-0.6339858644227326
DAL,1996,17,2,-0.5591671659905022
DAL,1997,16,2,-0.40940492811719126
DAL,1998,14,2,-0.48557985942054827
DAL,1999,17,2,-0.8656417940801737
DAL,2000,15,2,-0.5667231455577257
DAL,2001,17,2,-0.7856069557651839
DAL,2002,16,2,-0.6112793798688803
DAL,2003,13,2,-0.3831507738056412
DAL,2004,14,2,-0.2826749300436126
DAL,2005,16,2,-0.4053010540603988
DAL,2006,15,2,-0.6024216796152064
DAL,2007,15,2,-0.4505470819319953
DAL,2008,15,2,-0.74684364953925
DAL,2009,13,2,-0.6712843917621132
DAL,2010,15,2,-0.3478941539296054
DAL,2011,15,2,-0.7171872579788489
DAL,2012,21,2,-0.8141856882034575
DAL,2013,15,2,-0.357686278278062
DAL,2014,16,2,-0.3605686684877415
DAL,2015,15,2,-0.28160522429285206
DAL,2016,19,2,-0.528680256162679
DAL,2017,21,2,-0.5669392437257712
DAL,2018,16,2,-0.4758078424794244
DAL,2019,18,2,-0.508455831825774
DEN,1996,17,2,-0.4309884847174285
DEN,1997,15,2,-0.635792840688002
DEN,1998,16,2,-0.5430652511441025
DEN,1999,15,2,-0.4054370906388657
DEN,2000,15,2,-0.5662321384764852
DEN,2001,17,2,-0.2803748530596593
DEN,2002,16,2,-0.5570851850996288
DEN,2003,15,2,-0.6660433594489983
DEN,2004,15,2,-0.25791346602653265
DEN,2005,17,2,-0.45054200841533304
DEN,2006,14,2,-0.4566854499083648
DEN,2007,15,2,-0.5110735951110332
DEN,2008,13,2,-0.5811250348063801
DEN,2009,13,2,-0.6263536894244892
DEN,2010,14,2,-0.24374771647040083
DEN,2011,15,2,-0.10787035385285015
DEN,2012,15,2,-0.18743263471906338
DEN,2013,14,2,-0.2605930804542989
DEN,2014,18,2,-0.6499346396062923
DEN,2015,16,2,-0.6423427878778399
DEN,2016,17,2,-0.22388350817297584
DEN,2017,17,2,-0.5996915079665665
DEN,2018,18,2,-0.40212971678555537
DEN,2019,17,2,-0.38154502356670933
DET,1996,14,2,-0.44568817923057025
DET,1997,14,2,-0.33959459325458724
DET,1998,17,2,-0.48391750012310786
DET,1999,14,2,-0.814997413646897
DET,2000,14,2,-0.4856843760270874
DET,2001,15,2,-0.1505273816339414
DET,2002,15,2,-0.7790716624262133
DET,2003,13,2,-0.3344773001207279
DET,2004,15,2,-0.6048691253925871
DET,2005,15,2,-0.526576674762397
DET,2006,15,2,-0.42262407237055405
DET,2007,15,2,-0.3117992113299711
DET,2008,13,2,-0.463246494821764
DET,2009,14,2,-0.4935276755105192
DET,2010,13,2,-0.2927733873866773
DET,2011,14,2,-0.4939395995212562
DET,2012,14,2,-0.36106452942256584
DET,2013,15,2,-0.5031911708793363
DET,2014,15,2,-0.42723762560279155
DET,2015,15,2,-0.4787897402848439
DET,2016,15,2,-0.4903128633869891
DET,2017,18,2,-0.5416078696881772
DET,2018,17,2,-0.6959941748978262
DET,2019,19,2,-0.6678135645743345
GSW,1996,14,2,-0.3069737834998626
GSW,1997,16,2,-0.7120499078037583
GSW,1998,13,2,-0.2961857048624502
GSW,1999,18,2,-0.5335261368273237
GSW,2000,20,2,-0.8137873934036233
GSW,2001,14,2,-0.46957009395869387
GSW,2002,16,2,-0.6932286910905511
GSW,2003,17,2,-0.691592309743022
GSW,2004,13,2,-0.4269646414413095
GSW,2005,15,2,-0.5049493948463234
GSW,2006,16,2,-0.47100820913022634
GSW,2007,16,2,-0.5795389023348344
GSW,2008,16,2,-0.544885509795696
GSW,2009,17,2,-0.337148935604622
GSW,2010,14,2,-0.42099810962242
GSW,2011,17,2,-0.5907764891197708
GSW,2012,14,2,-0.3865982930854247
GSW,2013,14,2,-0.6593417108905358
GSW,2014,15,2,-0.3770679165939285
GSW,2015,15,2,-0.32361820451259793
GSW,2016,16,2,-0.4352391917918075
GSW,2017,17,2,-0.47534876839129114
GSW,2018,17,2,-0.3556991103757457
GSW,2019,16,2,-0.6008377189745916
HOU,1996,17,2,-0.4952536843542914
HOU,1997,14,2,-0.4517768568640712
HOU,1998,15,2,-0.49695560097220604
HOU,1999,16,2,-0.30039342576613093
HOU,2000,14,2,-0.5167118251640268
HOU,2001,14,2,-0.48078008937976485
HOU,2002,14,2,-0.5277761104598783
HOU,2003,15,2,-0.5076152987681514
HOU,2004,17,2,-0.6852573460210405
HOU,2005,16,2,-0.6154967561963749
HOU,2006,14,2,-0.42350083364010616
HOU,2007,17,2,-0.2006304855051233
HOU,2008,15,2,-0.3998965077164149
HOU,2009,16,2,-0.7387426893786342
HOU,2010,15,2,-0.4991780461643381
HOU,2011,15,2,-0.33771676130045813
HOU,2012,14,2,-0.4274812439470298
HOU,2013,16,2,-0.3783830107433769
HOU,2014,17,2,-0.42169649696050704
HOU,2015,15,2,-0.46859655890178564
HOU,2016,15,2,-0.7419620894117049
HOU,2017,19,2,-0.6183953311811786
HOU,2018,20,2,-0.8267959350405109
HOU,2019,20,2,-1.1107222274652584
IND,1996,15,2,-0.38294483550370606
IND,1997,14,2,-0.647889690932129
IND,1998,14,2,-0.48593894718841196
IND,1999,14,2,-0.18394084699711657
IND,2000,15,2,-0.6300106399419918
IND,2001,15,2,-0.40821648425464135
IND,2002,15,2,-0.26005566392062235
IND,2003,15,2,-0.507899754062327
IND,2004,20,2,-0.8803235044397595
IND,2005,15,2,-0.2988034270485861
IND,2006,15,2,-0.4451406044596622
IND,2007,16,2,-0.33854867969380165
IND,2008,14,2,-0.3157882273114145
IND,2009,14,2,-0.26800651639601714
IND,2010,15,2,-0.29539812712481506
IND,2011,15,2,-0.32735196054782467
IND,2012,16,2,-0.4995417234063787
IND,2013,15,2,-0.48369883609086634
IND,2014,15,2,-0.22295432482864214
IND,2015,15,2,-0.4046586435561145
IND,2016,16,2,-0.5400310829542184
IND,2017,19,2,-0.9050025462445793
IND,2018,17,2,-0.6233752429494274
IND,2019,17,2,-0.3639839883169928
LAC,1996,15,2,-0.4019372215089037
LAC,1997,14,2,-0.4777900852677474
LAC,1998,15,2,-0.3740199785883092
LAC,1999,17,2,-0.6093439566991422
LAC,2000,14,2,-0.18674559527363857
LAC,2001,16,2,-0.5476063035642453
LAC,2002,15,2,-0.32427333766649885
LAC,2003,16,2,-0.6695741163295069
LAC,2004,17,2,-0.5669289520462667
LAC,2005,16,2,-0.6217889270947526
LAC,2006,18,2,-0.9411314574399767
LAC,2007,19,2,-0.6566260177362041
LAC,2008,16,2,-0.46236509029633055
LAC,2009,16,2,-0.9439948762717842
LAC,2010,14,2,-0.3345468412219059
LAC,2011,15,2,-0.6143968766515004
LAC,2012,15,2,-0.5138096446078919
LAC,2013,18,2,-0.5893885944474336
LAC,2014,18,2,-0.6378794119987237
LAC,2015,16,2,-0.5651757202419323
LAC,2016,15,2,-0.728206504737385
LAC,2017,19,2,-0.4430749001098456
LAC,2018,19,2,-0.5872015531699537
LAC,2019,17,2,-0.4401855873493224
LAL,1996,14,2,-0.1891721938400368
LAL,1997,13,2,-0.3268855457365758
LAL,1998,14,2,-0.22948783765443828
LAL,1999,14,2,-0.3693171066742366
LAL,2000,15,2,-0.44398123854429217
LAL,2001,14,2,-0.37024013728196725
LAL,2002,14,2,-0.5383851021626362
LAL,2003,15,2,-0.3657401607903382
LAL,2004,15,2,-0.3748999433301169
LAL,2005,17,2,-0.7486435016167846
LAL,2006,14,2,-0.3868848056367781
LAL,2007,15,2,-0.34183312932483273
LAL,2008,15,2,-0.5009783374984613
LAL,2009,13,2,-0.5272640297279664
LAL,2010,15,2,-0.5833947618641822
LAL,2011,15,2,-0.706122783552167
LAL,2012,16,2,-0.7472573670579352
LAL,2013,18,2,-0.21355481171710705
LAL,2014,18,2,-0.5238473720544161
LAL,2015,15,2,-0.5876219757499231
LAL,2016,16,2,-0.40650347361146744
LAL,2017,20,2,-0.9868730512315795
LAL,2018,20,2,-0.4503113764663246
LAL,2019,18,2,-0.5569494785287586
MEM,2001,17,2,-0.5224931148472515
MEM,2002,15,2,-0.5239880925366303
MEM,2003,15,2,-0.29044270988502097
MEM,2004,15,2,-0.4390480420081799
MEM,2005,15,2,-0.5270616381115727
MEM,2006,15,2,-0.3952215083166113
MEM,2007,14,2,-0.6721446794224643
MEM,2008,12,2,-0.5328386083688266
MEM,2009,16,2,-0.4158653674659309
MEM,2010,16,2,-0.4526442845125431
MEM,2011,16,2,-0.6067388075513145
MEM,2012,16,2,-0.5346974565209683
MEM,2013,16,2,-0.4257182120163459
MEM,2014,18,2,-0.5629462960559283
MEM,2015,21,2,-0.48324020172083554
MEM,2016,16,2,-0.49600024588454417
MEM,2017,21,2,-0.4479292610072226
MEM,2018,22,3,-0.5428995192710588
MEM,2019,17,2,-0.4253868459408915
MIA,1996,17,2,-0.31075680011493884
MIA,1997,16,2,-0.35341364570595435
MIA,1998,17,2,-0.625012655222619
MIA,1999,16,2,-0.4071373554075066
MIA,2000,16,2,-0.4217250437925584
MIA,2001,17,2,-0.5650954106878255
MIA,2002,14,2,-0.5113052811404892
MIA,2003,17,2,-0.6856613202217489
MIA,2004,15,2,-0.46330289407291814
MIA,2005,17,2,-0.6672119660396238
MIA,2006,16,2,-0.4266174989236041
MIA,2007,19,2,-0.4256334179073665
MIA,2008,15,2,-0.5607193707490483
MIA,2009,15,2,-0.5680375516126743
MIA,2010,16,2,-0.3604762755650308
MIA,2011,15,2,-0.5690903672553533
MIA,2012,16,2,-0.5436070905810331
MIA,2013,17,2,-0.4993506191453404
MIA,2014,17,2,-0.7479672312524825
MIA,2015,15,2,-0.3619164428716997
MIA,2016,14,2,-0.4378836071530168
MIA,2017,18,2,-0.5265800118473535
MIA,2018,15,2,-0.6851817171742782
MIA,2019,18,2,-0.7553359754296818
MIL,1996,15,2,-0.811218487633357
MIL,1997,16,2,-0.5896426123129266
MIL,1998,15,2,-0.5969033651534266
MIL,1999,13,2,-0.36312056128833314
MIL,2000,15,2,-0.6198072155317726
MIL,2001,14,2,-0.46150624001632473
MIL,2002,13,2,-0.4842369884190865
MIL,2003,14,2,-0.3021071293403308
MIL,2004,15,2,-0.5884829511435553
MIL,2005,14,2,-0.5667072523134661
MIL,2006,16,2,-0.5322980959959929
MIL,2007,14,2,-0.35581148968862514
MIL,2008,15,2,-0.38109454282160926
MIL,2009,16,2,-0.6033631471304273
MIL,2010,15,2,-0.4467050991320284
MIL,2011,16,2,-0.29516443157409444
MIL,2012,15,2,-0.41835691506361267
MIL,2013,16,2,-0.18926469832174014
MIL,2014,18,2,-0.5829659921519308
MIL,2015,16,2,-0.768026755474779
MIL,2016,17,2,-0.6510016150387923
MIL,2017,19,2,-0.6344224783553056
MIL,2018,18,2,-0.30077727930442705
MIL,2019,16,2,-0.340521571190255
MIN,1996,13,2,-0.41207427741517993
MIN,1997,16,2,-0.49258115296545313
MIN,1998,17,2,-0.48779266246672254
MIN,1999,13,2,-0.42168087649056324
MIN,2000,15,2,-0.47244936507725377
MIN,2001,15,2,-0.5052501040401771
MIN,2002,14,2,-0.30546821908597027
MIN,2003,16,2,-0.4427274168061382
MIN,2004,14,2,-0.3551963902664581
MIN,2005,14,2,-0.4359117788936537
MIN,2006,14,2,-0.5543576853710317
MIN,2007,14,2,-0.6297177924538571
MIN,2008,15,2,-0.7765714282517433
MIN,2009,15,2,-0.7010473335938567
MIN,2010,14,2,-0.442871999909776
MIN,2011,15,2,-0.4791046012561892
MIN,2012,18,2,-0.48811535197224176
MIN,2013,16,2,-0.3967950714618192
MIN,2014,19,2,-0.42338464245982754
MIN,2015,14,2,-0.6860409170885169
MIN,2016,15,2,-0.44392884198253624
MIN,2017,15,2,-0.6002637525349389
MIN,2018,18,2,-0.5706264514653859
MIN,2019,17,2,-0.5704698813613862
NJN,1996,17,2,-0.47614315761655557
NJN,1997,16,2,-0.6731740938569231
NJN,1998,17,2,-0.7302215865391424
NJN,1999,15,2,-0.379234290223321
NJN,2000,18,2,-0.6616202663266945
NJN,2001,14,2,-0.7672467320372841
NJN,2002,15,2,-0.8270144579168981
NJN,2003,17,2,-0.854708464010479
NJN,2004,17,2,-0.682809945771919
NJN,2005,15,2,-0.589417741840203
NJN,2006,15,2,-0.5917072084130107
NJN,2007,13,2,-0.7611032744365815
NJN,2008,14,2,-0.5735143046947054
NJN,2009,15,2,-0.7034076734343149
NJN,2010,17,2,-0.5952029194980907
NJN,2011,22,3,-0.7954865777859237
NOH,2002,15,2,-0.4386502303549457
NOH,2003,15,2,-0.4330955080745464
NOH,2004,18,2,-0.5590427329048695
NOH,2007,15,2,-0.5320862233431224
NOH,2008,14,2,-0.3978573527346822
NOH,2009,13,2,-0.4188744742943249
NOH,2010,15,2,-0.5949051832494036
NOH,2011,21,2,-0.5028619037717554
NOH,2012,17,2,-0.5885514929538851
NOK,2005,17,2,-0.3919105859552194
NOK,2006,15,2,-0.44812957986696095
NOP,2013,19,2,-0.842187351700084
NOP,2014,16,2,-0.7175596088349556
NOP,2015,19,2,-0.5980221085347558
NOP,2016,17,2,-0.6582833141933647
NOP,2017,18,2,-0.7950317854491494
NOP,2018,17,2,-0.4669542953846918
NOP,2019,17,2,-0.42540895747397334
NYK,1996,13,2,-0.5236127088037131
NYK,1997,16,2,-0.5485422520964264
NYK,1998,13,2,-0.40054386296114053
NYK,1999,14,2,-0.6514270646563768
NYK,2000,14,2,-0.40130671129467
NYK,2001,14,2,-0.5132194124748419
NYK,2002,13,2,-0.5806619526532711
NYK,2003,16,2,-0.3221844480399243
NYK,2004,15,2,-0.5483246418854884
NYK,2005,16,2,-0.32434077587208754
NYK,2006,15,2,-0.44523230428309485
NYK,2007,15,2,-0.4962294354316598
NYK,2008,17,2,-0.38855117036190234
NYK,2009,14,2,-0.39950719135583956
NYK,2010,15,2,-0.5762466342697274
NYK,2011,17,2,-0.37065515165523966
NYK,2012,18,2,-0.4595578253380878
NYK,2013,17,2,-0.5423137452227564
NYK,2014,16,2,-0.38873078644077436
NYK,2015,16,2,-0.43887599070999367
NYK,2016,15,2,-0.42247826133584315
NYK,2017,19,2,-0.527677020756087
NYK,2018,17,2,-0.4720556170876352
NYK,2019,18,2,-0.5582105898800455
OKC,2008,16,2,-0.4429181008377586
OKC,2009,17,2,-0.8504906133121881
OKC,2010,15,2,-0.6268247499341195
OKC,2011,16,2,-0.6707974869005381
OKC,2012,15,2,-0.4920122451563969
OKC,2013,18,2,-0.7287159796643268
OKC,2014,16,2,-0.5787005159383776
OKC,2015,15,2,-0.6076896750029696
OKC,2016,15,2,-0.6029917863887692
OKC,2017,18,2,-0.5686808811553851
OKC,2018,17,2,-0.7551138153093955
OKC,2019,17,2,-0.7945012571051718
ORL,1996,14,2,-0.530093193599909
ORL,1997,16,2,-0.47612578403329925
ORL,1998,16,2,-1.0428286918707348
ORL,1999,16,2,-0.6043798189615488
ORL,2000,15,2,-0.469379069470857
ORL,2001,16,2,-0.7221073232304349
ORL,2002,15,2,-0.44764416236350174
ORL,2003,15,2,-0.7495949904575374
ORL,2004,16,2,-0.6859980435654947
ORL,2005,16,2,-0.5161612964985681
ORL,2006,15,2,-0.39594943911389097
ORL,2007,15,2,-0.5495852439053389
ORL,2008,14,2,-0.3375527591724325
ORL,2009,12,2,-0.06278770914695897
ORL,2010,12,2,-0.46421296911595555
ORL,2011,16,2,-0.797966078451195
ORL,2012,14,2,-0.6556956387258259
ORL,2013,14,2,-0.6180879301880677
ORL,2014,15,2,-0.5174778617914065
ORL,2015,15,2,-0.6635887350223935
ORL,2016,18,2,-0.9015844121550081
ORL,2017,17,2,-0.5143273980493868
ORL,2018,17,2,-0.34178645342932273
ORL,2019,19,2,-0.6109226283719529
PHI,1996,15,2,-0.43195334230235527
PHI,1997,16,2,-0.39642346649448196
PHI,1998,16,2,-0.6753236747592091
PHI,1999,15,2,-0.5516120638459241
PHI,2000,16,2,-0.736259763230956
PHI,2001,19,2,-0.7631511932892703
PHI,2002,14,2,-0.45499001923460963
PHI,2003,14,2,-0.43030587100325784
PHI,2004,14,2,-0.5123928023691969
PHI,2005,16,2,-0.5173800012075221
PHI,2006,16,2,-0.45168704271570637
PHI,2007,13,2,-0.6454424165394724
PHI,2008,13,2,-0.7012220547845532
PHI,2009,14,2,-0.5493642292181833
PHI,2010,15,2,-0.8779692905110495
PHI,2011,16,2,-0.7104888712998407
PHI,2012,15,2,-0.5487036691039909
PHI,2013,18,2,-0.7133740422070395
PHI,2014,20,2,-0.5566308370869785
PHI,2015,14,2,-0.3956750335662254
PHI,2016,16,2,-0.32078058263952974
PHI,2017,19,2,-0.8244921755494318
PHI,2018,19,2,-0.4257168993079429
PHI,2019,17,2,-0.5498012832925887
PHX,1996,16,2,-0.49878413964200075
PHX,1997,13,2,-0.10124313184868766
PHX,1998,17,2,-0.5689086322614793
PHX,1999,17,2,-0.4893506465457273
PHX,2000,13,2,-0.36532951874232733
PHX,2001,15,2,-0.3133443955301345
PHX,2002,14,2,-0.5564728952467625
PHX,2003,12,2,-0.29656220667205396
PHX,2004,14,2,-0.5999511970762935
PHX,2005,16,2,-0.4482205719336426
PHX,2006,14,2,-0.5913006290154903
PHX,2007,13,2,-0.522683067354173
PHX,2008,14,2,-0.40405547973770994
PHX,2009,14,2,-0.8219939530727685
PHX,2010,14,2,-0.3009116325850969
PHX,2011,13,2,-0.31591417425434287
PHX,2012,15,2,-0.46113568191736326
PHX,2013,15,2,-0.43087303009822253
PHX,2014,17,2,-0.7227439902973873
PHX,2015,16,2,-0.4688263313234
PHX,2016,17,2,-0.5972363144265141
PHX,2017,18,2,-0.39990150511255074
PHX,2018,17,2,-0.597905482802272
PHX,2019,17,2,-0.7935016032733501
POR,1996,16,2,-0.36117106004374705
POR,1997,17,2,-0.7611396905572397
POR,1998,15,2,-0.38259917149208894
POR,1999,14,2,-0.28053205581996393
POR,2000,16,2,-0.34436332795691416
POR,2001,15,2,-0.44292326032580276
POR,2002,15,2,-0.574755496307019
POR,2003,19,2,-1.0426669242189535
POR,2004,16,2,-0.626095060449442
POR,2005,14,2,-0.42267115391605586
POR,2006,16,2,-0.5711688383316961
POR,2007,13,2,-0.48097034797617616
POR,2008,14,2,-0.4771093078856755
POR,2009,15,2,-0.3743115625804329
POR,2010,16,2,-0.7119756953955284
POR,2011,14,2,-0.40757940724992353
POR,2012,15,2,-0.5937170052875956
POR,2013,15,2,-0.5182984193580047
POR,2014,16,2,-0.33689364582098313
POR,2015,16,2,-0.669635870805964
POR,2016,14,2,-0.3169168833843632
POR,2017,15,2,-0.3715568689070968
POR,2018,16,2,-0.5544836267340874
POR,2019,16,2,-0.49205052117485254
SAC,1996,14,2,-0.3974171343298886
SAC,1997,15,2,-0.6887799322069267
SAC,1998,14,2,-0.4307714383050267
SAC,1999,14,2,-0.4114291491923368
SAC,2000,14,2,-0.49912005224745476
SAC,2001,13,2,-0.472891116328197
SAC,2002,14,2,-0.2988541657559875
SAC,2003,13,2,-0.44761483668545327
SAC,2004,15,2,-0.4023687469865525
SAC,2005,14,2,-0.5045255623203099
SAC,2006,14,2,-0.5898905941650147
SAC,2007,17,2,-0.8514883002637945
SAC,2008,14,2,-0.7375056732275066
SAC,2009,16,2,-0.5540750699388254
SAC,2010,15,2,-1.04134509925961
SAC,2011,14,2,-0.5859795914394421
SAC,2012,14,2,-0.3601124074146291
SAC,2013,16,2,-0.7493402246980969
SAC,2014,17,2,-0.4344617455557731
SAC,2015,15,2,-0.6618847340038048
SAC,2016,16,2,-0.4314387127419651
SAC,2017,16,2,-0.4140369259964386
SAC,2018,17,2,-0.4674675379132548
SAC,2019,18,2,-0.5112014560561084
SAS,1996,16,2,-0.4692898460279651
SAS,1997,14,2,-0.42629414893070944
SAS,1998,14,2,-0.3284194380341558
SAS,1999,14,2,-0.32844668569604824
SAS,2000,15,2,-0.5746386896181994
SAS,2001,15,2,-0.4054732998975928
SAS,2002,13,2,-0.5857781556650706
SAS,2003,17,2,-0.6488443911379682
SAS,2004,16,2,-0.4627379695945931
SAS,2005,15,2,-0.24261253713726846
SAS,2006,15,2,-0.3359601159942749
SAS,2007,17,2,-0.4489160309694039
SAS,2008,19,2,-0.5495133756022144
SAS,2009,14,2,-0.4225977278125225
SAS,2010,16,2,-0.6850072185160797
SAS,2011,19,2,-0.7242269561048221
SAS,2012,15,2,-0.2686641741051826
SAS,2013,15,2,-0.2761088054176373
SAS,2014,15,2,-0.49541400736842844
SAS,2015,18,2,-0.44872927029091103
SAS,2016,16,2,-0.38182937018952506
SAS,2017,18,2,-0.6145821911454334
SAS,2018,15,2,-0.42993729470199693
SAS,2019,17,2,-0.35862166228116615
SEA,1996,16,2,-0.4851199975127535
SEA,1997,15,2,-0.4225502529791905
SEA,1998,16,2,-0.42623515119211963
SEA,1999,15,2,-0.5285762824799843
SEA,2000,14,2,-0.29383297627084676
SEA,2001,16,2,-0.26515422381689024
SEA,2002,14,2,-0.4470881440598302
SEA,2003,14,2,-0.2706625145936023
SEA,2004,15,2,-1.0277668033527225
SEA,2005,14,2,-0.4885728824782938
SEA,2006,16,2,-0.6943609512037348
SEA,2007,17,2,-0.5041896407502025
TOR,1996,20,2,-0.6921282241716807
TOR,1997,19,2,-0.9977184211929775
TOR,1998,15,2,-0.9627487684646973
TOR,1999,15,2,-0.5681665793045981
TOR,2000,15,2,-0.9101736467472947
TOR,2001,16,2,-0.48035304842145143
TOR,2002,18,2,-0.5060742740325009
TOR,2003,16,2,-0.5700103651574091
TOR,2004,14,2,-0.331537375200022
TOR,2005,15,2,-0.47884551564173106
TOR,2006,16,2,-0.47374342330707936
TOR,2007,16,2,-0.4975468562677806
TOR,2008,16,2,-0.8368555772359316
TOR,2009,15,2,-0.36085612816190643
TOR,2010,17,2,-0.5751027151981171
TOR,2011,17,2,-0.38595470899411605
TOR,2012,15,2,-0.3266163281668387
TOR,2013,15,2,-0.49949510483117093
TOR,2014,16,2,-0.7298140061567167
TOR,2015,16,2,-0.38823612701380505
TOR,2016,16,2,-0.2663904669094152
TOR,2017,16,2,-0.5735607208759894
TOR,2018,18,2,-0.6352027110503881
TOR,2019,18,2,-0.4593512549927708
UTA,1996,12,2,-0.2362301720436711
UTA,1997,13,2,-0.13662439639309454
UTA,1998,14,2,-0.29950325948929984
UTA,1999,12,2,-0.3773120557194808
UTA,2000,14,2,-0.38560307628144597
UTA,2001,14,2,-0.5073079566326681
UTA,2002,13,2,-0.4644504552623298
UTA,2003,17,2,-0.3170444847411066
UTA,2004,16,2,-0.38510563882162685
UTA,2005,15,2,-0.3761734915032567
UTA,2006,14,2,-0.6391468220779979
UTA,2007,14,2,-0.4823698673104384
UTA,2008,15,2,-0.45754742506873497
UTA,2009,13,2,-0.23758710418047546
UTA,2010,16,2,-0.48754356273669536
UTA,2011,15,2,-0.4534511554208224
UTA,2012,14,2,-0.306739977916323
UTA,2013,17,2,-0.7264901045474342
UTA,2014,16,2,-0.47858281828314475
UTA,2015,16,2,-0.4644551049997362
UTA,2016,15,2,-0.1977151649732871
UTA,2017,20,2,-0.5869147119607274
UTA,2018,17,2,-0.6583394875067633
UTA,2019,18,2,-0.5878182773990236
VAN,1996,15,2,-0.428375270493876
VAN,1997,13,2,-0.28042331345220517
VAN,1998,15,2,-0.5330486402993757
VAN,1999,15,2,-0.5101457774779357
VAN,2000,14,2,-0.4402447119661289
WAS,1996,14,2,-0.4753350033834823
WAS,1997,16,2,-0.76996543378794
WAS,1998,15,2,-0.5248817774432466
WAS,1999,16,2,-0.3656576532756862
WAS,2000,15,2,-0.35425391728468236
WAS,2001,14,2,-0.252948323053803
WAS,2002,16,2,-0.3264361310181103
WAS,2003,15,2,-0.38896715375486096
WAS,2004,16,2,-0.4307852757259752
WAS,2005,14,2,-0.4291113120729956
WAS,2006,16,2,-0.7335884280650893
WAS,2007,12,2,-0.3897075139826626
WAS,2008,15,2,-0.42714526096280725
WAS,2009,18,2,-0.4249712579607349
WAS,2010,17,2,-0.5076877373141525
WAS,2011,18,2,-0.6294640819862479
WAS,2012,14,2,-0.397420575017234
WAS,2013,15,2,-0.5160889577808137
WAS,2014,16,2,-0.5469770844493714
WAS,2015,17,2,-0.41609756668423
WAS,2016,17,2,-0.42531700182527443
WAS,2017,15,2,-0.3038848583321016
WAS,2018,19,2,-0.7677481036157472
WAS,2019,21,2,-0.566697090468124
